ID,famsize,age,rural,hcdist,child,wealth,roof,net
1,5,59,1,2,0,2,0,0
2,6,45,0,1,0,4,0,0
3,6,44,0,3,0,3,0,0
4,4,49,0,3,1,1,1,0
5,5,52,0,1,0,3,1,0
6,7,56,0,3,1,2,0,0
7,9,37,0,3,0,1,0,0
8,4,46,0,2,1,1,0,0
9,5,56,0,2,0,2,0,0
10,4,49,1,3,1,3,0,0
11,6,49,1,3,1,2,0,0
12,5,50,0,3,1,1,0,0
13,8,41,0,2,1,4,1,1
14,9,42,1,1,0,3,1,1
15,6,33,0,3,1,1,1,0
16,7,49,0,3,0,1,1,0
17,4,48,0,3,0,2,1,0
18,4,37,1,3,0,4,1,0
19,6,49,0,3,0,3,0,0
20,4,62,1,3,1,1,0,0
21,3,45,1,1,1,4,1,0
22,6,47,0,3,1,3,0,1
23,7,44,1,3,0,1,0,0
24,6,42,1,3,1,2,0,0
25,7,57,1,3,1,3,0,0
26,6,47,0,2,1,1,1,0
27,8,54,0,3,1,2,0,0
28,6,60,1,3,1,2,1,0
29,5,46,1,1,1,2,1,0
30,8,45,1,2,1,4,0,1
31,4,42,1,3,1,2,0,0
32,2,57,1,3,1,4,0,0
33,6,42,0,1,0,2,0,0
34,7,40,1,1,1,3,0,1
35,6,48,0,3,0,3,1,0
36,6,57,0,1,0,1,1,0
37,4,54,1,3,1,1,1,0
38,7,52,1,3,0,2,1,0
39,5,44,1,1,1,3,1,1
40,4,43,0,3,0,1,0,0
41,9,48,0,2,1,1,0,0
42,7,47,1,3,1,3,0,0
43,4,45,0,3,0,1,0,0
44,5,48,1,1,0,4,1,1
45,6,46,1,3,0,1,0,0
46,6,49,0,2,1,3,1,0
47,5,50,0,3,0,2,1,0
48,7,55,1,1,1,1,0,0
49,6,44,0,1,1,1,1,0
50,7,42,1,3,1,4,0,1
51,5,44,0,3,0,2,1,0
52,6,45,1,3,1,4,0,1
53,9,45,0,3,0,2,1,1
54,2,54,1,2,1,3,0,0
55,6,44,0,3,1,2,0,0
56,7,44,1,3,0,2,0,1
57,7,51,0,2,0,1,1,1
58,5,55,1,3,1,3,0,0
59,6,57,0,2,1,1,0,0
60,7,47,0,3,0,1,0,0
61,5,58,0,3,0,3,0,0
62,2,56,1,3,0,3,0,0
63,4,49,1,3,0,1,0,0
64,8,29,0,1,1,4,0,1
65,10,49,1,2,1,2,0,1
66,8,41,1,3,1,2,0,1
67,7,48,1,1,0,3,0,0
68,7,49,0,1,0,1,0,0
69,5,67,0,3,0,3,0,0
70,3,46,1,1,0,2,0,0
71,9,55,0,1,1,3,0,1
72,4,53,0,1,0,4,0,0
73,5,48,1,2,0,1,0,0
74,4,62,1,3,1,1,1,0
75,5,45,0,2,1,1,0,0
76,4,52,0,3,0,1,0,0
77,5,66,1,3,1,3,0,0
78,8,45,1,3,0,4,0,0
79,5,39,0,3,0,2,1,0
80,6,46,0,3,0,1,1,0
81,7,47,0,3,1,1,1,0
82,4,44,0,3,1,1,0,0
83,3,43,1,3,0,4,1,0
84,6,48,1,3,0,4,0,0
85,9,58,1,3,1,2,0,1
86,9,36,1,3,0,2,0,1
87,4,56,1,2,0,4,0,0
88,6,38,0,1,1,2,1,1
89,5,53,1,3,0,4,1,1
90,5,48,1,2,0,2,1,0
91,5,51,0,3,1,1,1,0
92,7,40,1,1,1,3,0,0
93,6,46,1,3,0,3,0,0
94,7,52,1,1,1,4,1,1
95,6,57,1,3,0,3,0,0
96,9,59,1,3,0,1,1,0
97,5,43,0,3,0,3,0,0
98,4,50,1,2,1,1,0,0
99,5,47,0,1,0,3,1,0
100,4,59,0,1,1,2,0,0
101,5,53,0,3,1,2,1,0
102,5,47,1,3,0,2,1,0
103,7,41,1,1,0,3,0,0
104,8,45,1,1,1,2,0,1
105,5,49,0,1,1,3,0,1
106,4,42,1,3,0,3,1,0
107,6,52,1,1,1,3,1,0
108,5,40,0,3,1,1,1,0
109,5,45,0,2,1,2,1,0
110,4,43,1,3,1,3,1,0
111,5,45,0,1,0,1,1,0
112,6,42,0,3,1,1,1,1
113,3,54,0,1,0,4,1,0
114,7,57,1,3,0,1,0,0
115,4,59,0,2,0,2,0,0
116,5,49,1,2,0,2,1,0
117,5,48,1,3,0,3,1,0
118,5,45,1,3,0,3,0,0
119,6,40,1,2,0,1,0,0
120,5,47,1,2,1,2,0,0
121,5,53,0,1,1,4,0,0
122,3,50,1,3,0,2,0,0
123,8,41,0,2,1,2,1,1
124,2,42,0,1,0,2,0,0
125,5,44,0,1,1,4,0,0
126,6,53,1,1,0,1,1,0
127,8,41,0,3,0,3,0,1
128,3,45,0,3,1,1,1,0
129,2,52,0,1,1,2,0,0
130,3,47,1,3,1,1,1,0
131,5,65,0,3,1,1,0,0
132,5,48,0,1,1,2,0,0
133,9,52,1,1,0,2,1,1
134,7,41,0,3,1,1,0,0
135,6,46,1,3,0,4,0,0
136,6,57,1,1,0,1,0,0
137,7,59,1,3,1,4,0,0
138,8,43,1,1,1,2,1,1
139,4,47,0,1,1,3,1,0
140,8,55,0,1,1,3,0,0
141,7,52,1,3,0,2,1,1
142,2,51,0,2,0,2,0,0
143,4,49,0,2,0,1,1,0
144,4,59,0,3,1,1,1,0
145,6,46,1,2,1,4,0,1
146,6,51,1,3,1,3,0,0
147,7,56,0,1,0,4,1,0
148,5,52,1,3,1,1,0,0
149,9,47,1,3,0,1,1,1
150,5,47,1,2,1,1,1,0
151,7,51,1,3,0,2,1,0
152,4,51,1,2,0,2,1,0
153,8,54,1,1,0,4,1,0
154,7,50,0,1,1,1,1,0
155,7,43,1,1,0,3,0,1
156,7,55,1,3,1,4,0,0
157,7,58,1,1,0,2,0,0
158,8,49,1,2,0,3,0,0
159,4,56,0,2,1,1,0,0
160,4,47,0,3,0,4,1,0
161,6,41,0,3,1,3,1,1
162,7,42,1,1,1,4,0,1
163,9,36,1,1,0,3,0,1
164,8,41,0,3,1,3,0,0
165,6,50,0,2,0,4,0,0
166,5,55,1,1,0,3,1,0
167,3,63,0,3,1,4,0,0
168,6,48,1,3,0,2,0,0
169,3,48,0,3,0,3,1,0
170,7,34,0,2,1,2,1,1
171,6,36,1,3,0,2,0,0
172,5,45,1,3,1,1,0,0
173,4,45,1,2,1,4,0,1
174,6,57,1,3,1,1,0,0
175,4,37,0,2,0,1,0,1
176,8,48,1,3,0,3,0,1
177,3,62,0,3,1,1,0,0
178,8,55,0,3,0,4,0,1
179,3,45,0,3,0,1,0,0
180,3,55,1,3,1,2,1,0
181,7,42,1,3,0,2,1,1
182,4,43,0,3,0,2,0,0
183,2,51,0,1,0,3,1,0
184,9,42,1,3,1,1,1,1
185,4,59,1,1,1,1,1,0
186,9,50,1,2,1,2,1,1
187,6,48,0,3,1,3,0,1
188,8,40,0,3,0,4,1,1
189,5,63,0,2,0,3,0,0
190,5,56,0,3,1,4,0,0
191,9,38,1,3,0,4,1,1
192,9,32,1,3,1,4,1,1
193,8,47,1,3,0,2,1,0
194,6,46,1,3,0,4,0,1
195,6,43,1,1,1,3,0,1
196,5,47,0,3,1,3,1,1
197,6,56,0,3,1,4,1,0
198,7,59,1,1,0,3,1,0
199,6,49,1,3,0,2,0,0
200,6,49,1,1,1,3,1,1
201,6,56,1,1,0,2,1,0
202,3,54,1,3,1,4,1,0
203,9,36,0,3,0,2,0,0
204,5,47,1,3,1,1,0,0
205,6,41,0,3,0,1,0,0
206,7,56,0,3,0,3,1,0
207,9,43,0,1,1,3,1,1
208,4,39,1,3,1,3,1,0
209,6,42,1,1,0,1,0,0
210,6,56,1,3,1,4,1,0
211,10,49,0,2,1,2,1,1
212,6,51,0,3,1,1,0,0
213,8,34,0,3,1,3,1,1
214,4,52,0,3,0,4,1,0
215,8,49,1,1,1,3,1,1
216,5,44,1,1,0,2,0,0
217,7,47,0,1,0,4,0,0
218,5,44,0,3,1,1,0,0
219,5,41,1,1,1,4,1,1
220,7,40,1,2,0,1,1,0
221,3,47,1,2,0,3,1,0
222,4,52,0,1,1,2,1,0
223,7,46,0,2,1,1,0,0
224,6,52,0,2,0,2,0,0
225,6,56,1,3,1,4,0,0
226,6,67,1,3,0,4,0,0
227,5,53,0,3,0,4,0,0
228,6,51,1,3,0,4,0,0
229,4,52,1,2,0,1,0,0
230,6,56,0,3,1,4,1,1
231,5,54,1,3,1,2,0,0
232,5,57,1,3,0,2,1,0
233,5,38,1,1,0,1,0,1
234,3,38,1,3,1,1,1,0
235,9,59,0,2,0,1,1,0
236,4,57,0,3,1,3,1,0
237,8,49,1,1,1,1,0,1
238,6,57,0,3,0,4,0,0
239,8,47,1,3,0,2,1,0
240,5,50,0,1,0,1,0,0
241,7,42,0,2,1,3,0,0
242,8,45,1,2,1,3,0,0
243,1,48,0,3,0,4,1,0
244,6,56,0,3,0,2,0,0
245,10,56,0,3,1,2,1,1
246,6,51,0,1,1,2,1,0
247,4,59,1,1,0,1,1,0
248,6,58,0,3,0,2,1,0
249,5,56,1,3,1,4,0,0
250,7,58,1,3,0,4,0,0
251,4,49,1,1,0,1,0,0
252,2,52,0,3,1,2,1,0
253,4,61,0,3,1,3,1,0
254,6,54,1,2,1,1,0,0
255,6,61,0,3,0,4,0,0
256,7,54,0,1,0,2,0,0
257,9,55,0,3,0,1,0,0
258,3,58,1,3,1,1,0,0
259,6,64,1,1,0,1,0,0
260,6,47,0,3,1,2,0,0
261,5,52,0,1,0,1,1,0
262,4,46,0,3,1,4,1,0
263,6,58,1,3,1,3,0,0
264,9,49,0,3,1,1,1,0
265,6,56,0,1,0,2,1,0
266,5,50,0,2,0,2,0,0
267,6,49,1,1,1,1,0,0
268,4,55,0,3,0,3,1,0
269,4,52,0,1,0,3,1,0
270,4,42,1,3,1,1,0,0
271,9,57,1,1,1,3,0,1
272,6,43,1,3,0,3,0,0
273,4,43,0,1,0,4,0,0
274,7,45,0,1,1,3,1,1
275,6,51,1,1,1,2,0,0
276,8,45,0,3,0,2,1,1
277,3,48,1,3,1,4,0,0
278,8,45,1,3,0,3,1,1
279,4,46,1,2,1,2,1,0
280,7,50,0,1,0,1,1,0
281,6,49,0,3,0,3,0,0
282,6,47,0,1,0,4,0,0
283,6,58,0,3,1,2,1,1
284,3,57,1,1,0,4,1,0
285,7,55,0,3,0,1,0,0
286,7,45,1,2,0,3,0,1
287,5,54,0,1,0,3,0,0
288,10,52,0,1,1,4,1,1
289,6,38,0,1,0,1,1,1
290,4,59,0,1,0,1,0,0
291,7,42,0,3,1,3,0,1
292,3,50,0,3,1,2,0,0
293,8,51,0,1,0,2,1,0
294,6,46,1,1,1,2,0,1
295,3,37,0,3,1,4,0,0
296,5,44,0,3,0,2,1,0
297,7,42,0,3,0,3,1,1
298,6,60,1,3,1,2,1,0
299,6,47,0,2,1,4,0,0
300,8,42,0,1,1,3,1,1
301,5,50,1,1,0,2,1,0
302,7,50,1,2,1,3,1,1
303,5,42,0,3,0,3,0,0
304,4,46,0,3,1,2,1,0
305,5,64,1,1,1,3,1,0
306,7,43,1,2,1,4,0,0
307,5,44,1,3,0,2,0,0
308,7,42,1,1,1,2,1,1
309,5,43,1,3,1,3,0,0
310,6,49,1,3,1,1,0,0
311,6,52,0,1,1,2,0,1
312,8,35,1,1,0,3,0,1
313,5,51,1,1,1,2,1,0
314,7,41,1,3,1,2,0,0
315,7,41,1,1,0,3,1,1
316,6,31,0,3,0,2,0,0
317,7,43,1,3,1,3,0,0
318,6,51,0,1,0,1,0,0
319,6,54,0,3,1,3,1,0
320,4,37,0,2,0,1,1,1
321,5,48,0,3,0,1,1,0
322,3,53,0,3,0,2,0,0
323,4,44,0,2,0,2,0,0
324,6,51,1,3,1,2,1,0
325,4,47,0,3,1,3,0,0
326,7,61,1,1,0,2,0,1
327,10,39,1,1,1,1,1,1
328,3,47,1,3,0,2,1,0
329,5,46,0,3,0,3,0,0
330,6,39,1,1,0,1,1,0
331,7,45,1,1,0,3,0,1
332,8,44,0,3,1,4,0,1
333,4,46,1,2,1,4,1,1
334,5,55,0,1,0,2,1,0
335,6,50,1,1,0,3,0,0
336,2,53,0,3,0,1,1,0
337,4,54,0,3,0,3,1,0
338,8,52,0,3,1,4,0,0
339,6,45,0,3,1,1,1,0
340,5,60,1,3,0,1,0,0
341,7,39,1,3,0,4,1,1
342,7,42,1,3,1,4,1,1
343,5,42,1,2,1,2,1,0
344,7,41,1,1,0,4,0,1
345,6,53,0,3,1,1,1,0
346,5,41,1,1,0,2,0,0
347,9,36,0,3,0,3,0,1
348,12,49,1,1,1,4,1,1
349,5,52,0,2,0,1,1,0
350,5,56,1,3,0,3,1,0
351,4,51,1,1,0,1,1,0
352,4,35,0,2,1,3,0,0
353,6,50,0,1,1,3,1,1
354,3,50,1,1,0,2,0,0
355,4,55,0,3,1,3,1,0
356,8,50,1,1,0,4,1,1
357,3,63,0,1,0,1,0,0
358,7,46,1,1,0,1,1,1
359,5,51,0,1,0,2,1,0
360,6,51,0,2,0,2,0,0
361,3,54,1,3,0,2,1,0
362,3,46,0,2,1,2,1,0
363,7,41,1,1,1,4,0,1
364,6,50,1,1,0,4,1,0
365,6,44,0,3,1,1,1,1
366,8,42,1,2,0,4,0,1
367,3,44,1,3,0,4,0,0
368,9,52,0,1,0,2,1,1
369,4,46,0,2,1,3,0,0
370,5,48,0,3,0,3,0,0
371,8,43,1,1,1,1,1,1
372,3,50,0,3,0,4,0,0
373,6,40,0,3,1,1,1,1
374,6,38,1,1,1,1,1,1
375,7,60,1,1,1,2,0,0
376,7,55,1,2,0,3,0,0
377,9,42,0,1,1,4,0,1
378,5,48,1,3,1,3,0,0
379,5,60,1,3,0,2,1,0
380,5,40,1,3,0,2,0,1
381,8,41,1,2,0,2,0,1
382,3,55,1,1,1,4,1,1
383,5,48,1,1,0,2,0,0
384,5,53,1,3,0,2,0,0
385,6,49,0,3,0,2,0,1
386,6,42,0,3,1,3,0,0
387,8,27,1,3,1,4,1,1
388,5,53,1,3,0,2,1,0
389,4,51,0,2,0,2,0,0
390,9,53,0,1,0,3,1,1
391,7,46,0,3,0,4,1,0
392,7,36,1,3,1,4,0,1
393,4,45,1,3,0,2,1,0
394,5,44,0,1,0,2,0,0
395,6,63,1,3,1,1,0,0
396,3,42,1,2,0,2,0,0
397,5,45,1,1,0,1,1,0
398,4,49,0,1,0,4,1,0
399,9,47,0,3,0,4,1,1
400,5,40,1,2,1,1,1,0
401,5,62,0,3,0,3,0,0
402,5,50,0,3,0,1,0,0
403,9,33,1,2,1,3,1,1
404,6,46,1,2,0,1,0,0
405,6,61,0,3,0,3,0,0
406,4,52,1,2,1,1,0,0
407,7,51,1,1,0,4,0,1
408,5,48,0,3,1,4,1,0
409,5,44,1,3,1,4,0,0
410,8,43,0,3,1,3,0,0
411,6,42,1,3,0,2,1,1
412,7,42,1,3,0,4,0,1
413,6,52,0,2,0,3,1,0
414,8,51,1,2,0,2,0,1
415,7,40,0,1,0,3,0,0
416,9,50,1,3,1,2,0,1
417,6,50,0,1,1,2,0,0
418,7,56,0,3,0,4,0,0
419,6,60,0,2,1,1,0,0
420,3,49,0,3,0,2,1,0
421,5,41,0,3,1,2,0,0
422,6,52,1,2,0,2,1,0
423,7,54,1,3,0,1,1,1
424,5,51,0,3,1,1,0,0
425,4,47,0,3,1,4,1,0
426,4,56,0,1,0,2,0,0
427,8,51,1,1,0,3,0,0
428,5,50,1,3,0,1,0,0
429,6,58,1,3,0,2,0,0
430,5,53,1,3,1,3,0,0
431,4,52,0,1,0,3,0,0
432,4,47,0,3,1,2,0,0
433,5,48,1,3,1,1,0,0
434,4,60,0,3,0,3,0,0
435,6,39,1,3,0,1,1,0
436,7,38,1,2,1,4,1,1
437,5,60,0,1,0,4,0,0
438,4,58,0,3,0,1,1,0
439,6,44,1,1,0,4,0,0
440,5,56,0,3,0,3,1,0
441,8,34,1,3,0,2,0,0
442,6,50,0,3,1,2,0,0
443,7,47,1,2,0,3,1,0
444,4,61,0,3,1,2,0,0
445,8,48,1,3,1,2,1,0
446,8,36,0,3,1,3,1,1
447,6,71,0,1,1,3,1,0
448,4,45,0,1,0,1,0,0
449,7,58,1,3,1,2,0,0
450,6,51,0,1,0,3,1,1
451,7,53,1,2,1,2,0,1
452,1,49,1,3,1,2,0,0
453,5,43,1,3,0,2,0,0
454,7,53,0,3,0,2,1,0
455,5,49,0,1,0,1,0,0
456,4,54,1,2,0,1,1,0
457,4,51,0,3,0,1,1,0
458,5,61,1,2,1,3,1,0
459,2,44,1,3,1,1,0,0
460,2,51,0,3,0,2,0,0
461,5,54,0,3,0,2,1,1
462,6,50,0,2,1,2,0,0
463,5,60,1,1,0,3,1,0
464,3,38,1,3,0,2,0,0
465,6,44,1,3,1,4,0,0
466,7,42,1,1,1,4,1,1
467,4,59,0,3,1,2,0,0
468,5,55,0,1,1,2,0,0
469,7,38,1,3,1,3,1,1
470,3,56,0,2,0,4,1,0
471,5,56,1,3,0,3,1,0
472,6,55,0,1,0,4,0,0
473,4,43,0,3,1,4,1,1
474,7,46,1,3,0,1,0,0
475,4,42,0,2,0,1,0,0
476,6,52,0,2,1,1,1,0
477,6,57,0,3,1,1,0,0
478,5,50,1,3,0,4,0,1
479,3,48,1,2,1,1,1,0
480,6,54,0,3,0,3,1,0
481,6,53,0,2,0,1,1,0
482,7,55,1,3,1,2,0,1
483,9,20,1,1,0,2,1,1
484,5,62,1,2,1,1,1,0
485,5,39,0,3,1,2,1,1
486,7,36,0,3,0,3,1,1
487,7,56,1,3,0,3,0,0
488,7,47,0,3,0,3,1,1
489,6,45,0,1,0,4,1,1
490,4,49,0,1,1,3,0,0
491,5,44,0,3,1,1,0,0
492,6,42,0,1,0,3,1,0
493,4,48,1,2,0,3,0,0
494,5,54,0,2,0,1,0,0
495,5,41,1,1,1,2,0,0
496,6,47,1,2,0,2,1,1
497,5,47,0,3,1,3,1,0
498,6,55,1,2,0,4,0,0
499,8,39,0,2,0,1,0,1
500,8,51,0,3,0,2,0,0
501,7,29,1,3,1,1,0,1
502,4,43,1,3,0,3,0,0
503,7,49,1,1,0,2,1,1
504,8,58,1,2,1,4,0,1
505,7,63,0,3,1,3,1,0
506,7,52,1,1,1,4,0,1
507,5,52,1,1,0,2,0,0
508,4,53,0,3,1,1,0,0
509,5,62,0,3,1,1,1,0
510,7,47,1,3,0,3,1,1
511,7,53,0,1,1,1,1,0
512,5,53,0,2,0,1,1,1
513,5,33,1,2,1,2,1,1
514,2,46,1,3,1,1,1,0
515,5,54,1,2,0,1,1,0
516,5,57,1,3,0,3,0,0
517,6,52,0,1,0,1,1,0
518,5,62,0,1,1,2,0,0
519,8,50,0,2,0,4,0,0
520,6,44,0,3,1,4,0,0
521,5,66,1,3,0,2,1,0
522,5,47,1,1,0,3,0,0
523,5,45,0,1,1,3,1,0
524,9,51,0,3,1,2,0,0
525,6,44,1,3,1,3,0,1
526,4,61,1,3,1,2,0,0
527,4,49,1,1,0,2,1,0
528,4,43,1,2,0,1,1,0
529,6,51,1,3,0,1,1,0
530,8,39,1,3,0,3,1,1
531,6,59,1,3,0,1,1,0
532,6,47,0,1,0,1,0,0
533,6,56,0,3,0,3,0,0
534,4,48,0,1,0,1,0,0
535,5,56,1,2,0,1,1,0
536,4,40,1,3,1,4,0,0
537,4,55,1,3,0,1,1,0
538,7,52,1,1,0,3,1,0
539,6,55,1,3,0,2,1,1
540,3,33,1,3,0,1,0,0
541,3,71,1,3,0,1,1,0
542,6,40,0,3,1,2,1,0
543,4,43,0,3,1,2,1,0
544,9,52,1,2,0,3,1,1
545,7,43,0,1,0,2,0,0
546,8,33,1,1,1,4,0,1
547,4,53,1,3,1,3,0,0
548,5,49,0,3,0,4,1,0
549,2,54,1,1,1,1,0,0
550,5,43,1,2,0,3,1,0
551,5,55,0,3,0,3,0,0
552,5,53,1,3,0,3,1,0
553,9,40,1,3,1,4,1,1
554,7,53,0,1,0,2,0,0
555,7,45,1,3,1,1,1,1
556,5,51,0,3,0,3,1,0
557,5,48,1,3,0,1,1,0
558,6,52,1,1,0,3,0,0
559,6,62,0,3,0,4,0,0
560,1,52,0,3,1,2,1,0
561,6,62,1,3,1,1,0,1
562,6,38,0,2,0,1,0,0
563,4,33,1,1,1,1,1,0
564,7,40,0,3,1,1,1,1
565,4,48,0,1,1,1,1,0
566,2,48,0,3,0,1,0,0
567,2,48,1,2,1,3,0,0
568,8,49,1,1,0,3,1,0
569,10,46,0,1,1,2,1,1
570,5,49,1,1,1,2,1,0
571,4,41,1,3,1,1,1,0
572,9,55,1,3,1,2,1,1
573,7,68,0,2,0,1,0,0
574,8,47,0,3,0,4,0,0
575,5,39,1,1,1,2,0,1
576,5,52,0,1,1,3,1,0
577,6,58,1,1,1,2,0,0
578,5,59,0,3,0,2,1,0
579,4,48,0,1,1,3,1,0
580,3,49,0,3,1,4,0,0
581,6,50,1,1,1,1,0,0
582,6,61,1,3,1,3,0,1
583,5,48,0,2,0,2,1,1
584,9,48,1,3,1,3,1,1
585,4,52,1,3,0,2,0,0
586,2,56,0,3,0,2,0,0
587,5,37,0,3,0,2,0,0
588,6,49,0,1,0,2,1,1
589,4,48,0,1,1,3,1,0
590,9,31,0,3,1,2,1,0
591,5,59,0,3,1,3,1,0
592,5,58,1,3,0,1,0,0
593,5,57,0,2,1,2,0,0
594,3,37,1,3,1,3,0,0
595,6,44,1,3,1,4,0,1
596,4,73,0,3,0,3,0,0
597,6,56,0,1,1,1,1,1
598,5,51,0,1,1,2,0,0
599,6,35,0,2,1,3,1,1
600,5,44,0,3,1,1,0,0
601,4,45,0,3,0,3,0,0
602,3,37,1,3,0,3,1,0
603,4,51,0,3,0,2,1,0
604,5,44,1,3,0,3,0,0
605,6,38,1,2,1,3,0,0
606,8,45,1,1,1,4,1,1
607,6,31,1,2,0,4,0,1
608,5,38,0,3,1,3,0,0
609,5,28,0,2,1,1,1,1
610,6,49,1,3,1,2,0,0
611,4,37,0,3,1,2,1,0
612,6,57,0,1,0,3,0,0
613,7,46,0,2,0,3,1,0
614,5,63,1,1,1,1,0,0
615,4,47,0,3,0,4,0,0
616,6,49,1,3,0,3,1,1
617,7,43,1,3,0,3,1,0
618,6,50,0,3,0,3,0,0
619,5,50,1,3,1,3,0,0
620,6,61,1,1,0,2,0,0
621,4,50,0,3,0,4,1,0
622,6,47,1,3,1,1,1,1
623,5,59,0,1,0,3,0,0
624,4,30,1,3,0,1,0,0
625,5,57,1,1,1,2,1,0
626,7,41,1,3,0,4,1,1
627,5,52,1,2,0,3,0,0
628,7,52,0,3,0,3,0,0
629,4,58,0,1,1,2,0,0
630,6,42,1,3,1,3,1,1
631,7,53,0,1,0,1,1,0
632,5,53,0,3,0,1,1,0
633,5,60,0,1,1,4,1,1
634,8,49,0,2,0,1,0,0
635,10,36,1,1,1,4,0,1
636,5,47,0,3,1,4,0,0
637,7,41,0,1,0,2,0,0
638,8,48,0,3,0,4,0,0
639,6,61,1,3,1,2,0,0
640,7,49,1,1,1,1,1,1
641,7,42,0,1,1,3,0,1
642,4,63,1,2,1,3,0,0
643,4,44,1,2,0,2,0,0
644,4,50,0,3,0,1,1,0
645,4,42,0,2,0,1,1,0
646,9,52,0,1,0,3,1,0
647,7,45,0,3,0,3,1,0
648,5,46,0,3,1,2,0,0
649,4,54,1,1,0,1,0,0
650,4,61,0,3,0,1,0,0
651,6,49,0,3,0,4,1,0
652,7,64,1,3,1,2,1,0
653,3,46,0,1,1,1,1,0
654,5,48,1,3,1,2,0,0
655,6,48,0,3,0,1,0,0
656,5,58,1,2,1,1,0,0
657,6,38,1,3,0,2,1,0
658,4,41,1,3,0,2,0,0
659,5,54,1,2,0,2,1,0
660,4,49,0,3,0,3,1,0
661,5,46,1,2,1,1,1,0
662,5,59,0,3,1,1,0,0
663,7,41,0,3,0,3,0,0
664,5,52,1,3,1,1,1,0
665,5,53,1,3,0,3,1,0
666,7,49,1,3,0,4,1,1
667,4,50,1,3,0,2,0,0
668,4,61,1,2,0,4,0,0
669,4,38,1,3,1,1,1,0
670,4,32,0,3,1,4,0,0
671,5,40,1,2,0,3,0,0
672,6,41,1,1,0,3,0,1
673,11,34,1,2,1,3,1,1
674,4,57,0,1,0,3,0,0
675,8,58,1,1,0,4,0,1
676,5,46,0,3,0,3,0,0
677,7,57,1,1,1,3,1,0
678,5,50,0,1,0,4,1,0
679,2,43,0,3,1,2,0,0
680,6,48,1,3,1,1,1,0
681,6,47,0,2,0,2,0,0
682,7,29,1,1,1,1,0,1
683,4,45,1,3,0,3,0,0
684,8,36,0,3,0,3,0,0
685,8,37,1,3,1,3,0,1
686,10,44,0,3,0,2,0,1
687,3,46,0,1,1,3,1,1
688,5,54,0,1,0,1,0,0
689,4,43,1,2,1,3,0,0
690,9,50,1,2,0,2,1,1
691,6,53,0,3,1,2,0,0
692,4,59,1,3,0,3,0,0
693,5,48,1,1,0,3,0,0
694,4,53,0,1,1,4,0,0
695,6,58,1,1,1,3,1,1
696,1,51,0,2,0,2,0,0
697,4,46,1,3,0,2,0,0
698,5,50,0,2,1,3,1,0
699,4,59,0,3,1,1,0,0
700,7,58,0,1,0,3,1,0
701,8,44,0,1,1,3,1,1
702,3,52,1,3,0,2,0,0
703,4,41,0,2,0,3,0,0
704,10,42,0,3,1,2,1,1
705,7,50,0,3,0,1,1,1
706,5,51,0,3,0,3,0,0
707,4,48,0,3,0,3,0,0
708,8,44,1,2,1,4,1,1
709,4,46,0,1,1,3,0,0
710,2,54,1,1,1,3,1,0
711,6,57,0,3,0,3,1,0
712,3,48,1,1,1,1,0,0
713,6,59,0,1,1,1,1,0
714,7,54,1,2,0,1,1,0
715,4,47,1,3,1,1,1,0
716,6,40,0,1,1,4,0,0
717,4,55,1,1,0,2,1,0
718,10,30,1,3,1,3,0,1
719,4,52,1,2,0,4,0,0
720,5,66,0,1,1,2,0,0
721,6,49,0,3,1,4,1,0
722,7,38,1,1,0,2,1,1
723,4,60,0,3,0,3,0,0
724,6,38,0,1,1,3,1,1
725,7,45,0,3,1,3,0,0
726,5,44,1,2,1,2,0,0
727,6,49,0,1,1,2,1,1
728,5,50,1,3,1,1,0,0
729,7,39,1,3,1,4,1,1
730,6,58,1,3,0,3,1,0
731,5,44,0,1,0,1,1,0
732,6,47,0,3,0,2,1,0
733,4,55,0,3,1,1,0,0
734,4,53,1,3,0,2,0,0
735,4,55,1,1,0,4,1,0
736,6,47,0,1,0,3,1,1
737,3,53,0,2,0,2,0,0
738,10,45,1,3,0,2,1,1
739,8,51,0,1,0,1,0,1
740,6,44,1,3,1,2,1,1
741,6,37,1,2,1,1,1,0
742,7,48,1,3,1,2,0,0
743,5,47,1,3,0,4,1,0
744,3,54,0,1,1,1,0,0
745,3,54,1,2,0,3,0,0
746,6,51,0,3,1,2,0,0
747,5,58,0,2,0,1,0,0
748,5,61,1,1,0,1,1,0
749,8,53,1,3,0,3,0,0
750,2,34,0,3,0,1,0,0
751,5,47,0,2,1,2,0,0
752,10,48,1,1,1,3,1,1
753,11,48,1,2,1,4,1,1
754,6,38,0,3,0,4,0,1
755,3,50,1,3,0,4,0,0
756,7,51,0,3,0,2,0,0
757,5,55,1,1,0,2,0,1
758,6,35,0,2,1,2,0,0
759,3,53,1,2,1,1,0,0
760,4,46,1,1,0,2,0,0
761,6,49,0,3,0,3,0,0
762,5,59,0,3,1,1,1,0
763,4,44,1,3,0,3,0,1
764,5,43,1,3,0,3,0,0
765,5,51,0,2,0,2,0,0
766,6,55,1,3,0,3,0,0
767,7,47,1,3,0,1,0,0
768,3,43,0,3,0,1,0,0
769,5,47,1,2,1,3,0,1
770,7,46,1,3,0,1,0,0
771,4,50,0,3,0,2,0,0
772,5,54,0,2,1,4,1,0
773,5,43,0,1,0,3,1,0
774,6,46,0,3,0,3,0,0
775,5,49,0,3,0,1,0,0
776,5,51,1,2,1,1,1,0
777,5,50,0,3,0,2,1,0
778,1,52,0,3,1,1,1,0
779,7,47,1,1,1,2,1,1
780,6,56,0,1,0,2,0,0
781,6,49,0,3,1,3,0,1
782,9,38,0,3,1,3,0,1
783,9,52,1,3,1,3,0,1
784,1,52,0,1,0,4,0,0
785,6,51,1,1,0,3,0,0
786,6,45,0,1,1,3,0,1
787,6,57,0,3,0,4,0,1
788,5,51,0,2,1,3,0,0
789,3,48,0,3,1,2,0,0
790,7,49,0,2,1,2,0,1
791,3,49,1,1,1,3,0,0
792,9,48,0,1,1,2,1,0
793,8,37,0,1,1,2,1,1
794,6,47,1,3,1,3,0,0
795,4,50,0,3,0,1,0,0
796,5,47,1,3,0,2,0,0
797,5,47,1,3,1,4,1,1
798,6,46,1,1,1,1,0,0
799,4,56,0,1,1,3,1,0
800,5,48,0,3,0,2,0,0
801,6,42,0,1,1,4,1,1
802,7,49,0,2,1,2,1,1
803,3,43,0,3,1,3,0,0
804,2,50,1,3,1,1,0,0
805,7,54,0,1,1,2,0,0
806,6,43,1,3,0,4,1,0
807,6,56,0,3,1,2,1,0
808,8,38,1,1,0,2,0,1
809,6,36,1,3,1,2,1,1
810,6,57,1,3,1,2,1,0
811,5,33,1,2,1,2,1,1
812,5,51,0,3,0,2,0,0
813,9,42,0,1,1,3,1,1
814,5,46,0,3,0,2,1,0
815,6,55,1,1,1,3,0,0
816,6,49,0,2,1,2,1,1
817,3,48,0,3,0,4,0,0
818,7,49,0,3,0,3,1,1
819,5,52,1,2,1,4,1,0
820,6,45,0,3,0,3,1,0
821,5,60,0,3,1,1,1,0
822,2,45,0,1,1,1,0,0
823,6,61,1,1,0,3,0,0
824,5,45,0,1,1,3,1,0
825,10,50,0,1,1,3,1,1
826,4,58,1,3,0,4,0,0
827,2,58,1,3,1,4,1,0
828,4,51,0,3,1,2,1,0
829,3,45,1,1,0,3,0,0
830,6,44,1,3,0,4,1,0
831,7,44,1,3,1,1,0,1
832,2,46,0,2,1,1,0,0
833,7,41,0,1,1,2,0,1
834,4,51,0,1,0,1,0,0
835,4,43,1,3,0,3,0,0
836,7,46,1,3,1,3,0,1
837,4,44,0,1,1,3,1,0
838,7,55,1,1,0,2,1,1
839,7,52,0,3,0,2,1,0
840,4,52,0,3,1,1,0,0
841,7,58,0,1,0,3,0,0
842,9,50,0,3,1,2,1,1
843,4,37,0,3,1,2,0,0
844,11,36,0,1,1,1,0,1
845,7,44,0,3,1,4,0,0
846,4,59,0,3,1,4,0,0
847,6,34,1,2,0,3,0,0
848,6,44,1,3,0,3,0,0
849,5,43,0,3,0,1,1,0
850,10,31,1,2,1,4,1,1
851,6,51,1,3,1,1,0,0
852,8,46,0,3,0,1,1,0
853,5,48,1,1,0,3,1,1
854,5,42,0,3,0,2,1,0
855,6,39,0,2,1,1,0,0
856,5,41,0,1,0,2,0,0
857,6,50,1,1,0,2,0,0
858,5,51,0,1,1,2,0,1
859,5,43,0,3,0,2,1,0
860,5,55,0,1,0,3,1,0
861,4,47,1,1,1,3,0,1
862,6,51,0,2,0,2,0,0
863,5,41,0,2,0,3,0,0
864,8,48,0,3,1,3,1,0
865,3,51,0,3,0,1,1,0
866,7,47,1,3,1,2,1,0
867,7,43,1,2,0,3,1,1
868,6,46,0,3,1,3,0,0
869,2,64,0,3,0,2,0,0
870,7,49,1,3,0,2,0,0
871,6,55,0,3,0,1,0,0
872,5,44,1,3,1,1,0,0
873,7,28,1,2,1,4,1,1
874,7,45,0,3,0,2,0,0
875,5,33,0,2,0,1,1,0
876,7,45,0,2,1,4,1,1
877,6,55,0,2,0,2,0,0
878,8,36,1,1,0,4,1,1
879,7,52,0,3,0,4,1,0
880,7,44,0,2,0,2,1,0
881,8,44,1,2,1,4,1,1
882,5,47,0,3,1,2,1,0
883,5,52,0,1,0,4,0,0
884,8,28,0,1,1,3,1,1
885,5,53,0,1,0,2,1,1
886,6,47,0,3,0,2,0,0
887,4,56,0,1,0,3,1,0
888,6,58,0,3,0,2,1,0
889,3,46,0,2,1,2,0,0
890,7,53,1,1,0,3,1,1
891,4,59,0,3,0,1,0,0
892,7,44,0,3,0,1,0,0
893,5,47,0,3,1,1,1,0
894,9,44,1,1,0,3,0,1
895,6,42,0,1,0,4,0,0
896,5,53,1,2,1,2,0,0
897,12,42,1,3,1,4,0,1
898,5,44,0,3,1,1,0,0
899,8,56,1,1,1,4,1,1
900,4,34,0,3,1,4,0,1
901,6,50,1,2,1,2,0,0
902,8,49,1,1,0,3,0,1
903,4,55,1,3,0,2,0,0
904,4,63,0,3,0,2,0,0
905,3,50,1,3,0,1,0,0
906,6,63,1,1,1,1,0,0
907,8,41,1,3,1,1,1,1
908,6,29,1,2,0,3,1,1
909,4,43,1,1,0,2,0,1
910,4,47,0,3,1,3,0,0
911,4,59,1,3,1,2,1,0
912,6,35,1,3,0,4,1,1
913,6,38,0,1,0,1,0,0
914,4,53,0,3,0,2,0,0
915,4,50,1,1,0,4,1,0
916,5,45,1,1,0,2,0,0
917,5,52,1,3,0,3,1,1
918,9,36,1,2,1,3,0,1
919,5,54,0,2,1,3,1,0
920,7,47,0,3,1,3,1,1
921,6,52,0,2,1,2,0,0
922,8,45,1,1,0,3,1,1
923,2,53,0,1,0,2,1,0
924,5,47,1,3,0,3,0,0
925,7,45,0,2,0,4,0,1
926,3,48,0,1,1,2,0,0
927,5,43,1,1,1,3,0,0
928,4,49,0,2,0,3,1,0
929,4,53,0,1,0,1,0,0
930,4,52,1,3,1,4,0,0
931,10,45,1,1,1,1,0,1
932,5,52,0,1,0,2,0,1
933,6,44,0,1,0,1,0,0
934,6,51,0,3,1,1,0,0
935,4,46,1,3,0,2,0,0
936,6,56,0,2,0,3,1,0
937,7,57,0,1,0,2,1,0
938,7,32,1,1,0,2,1,1
939,7,57,0,1,0,3,1,1
940,6,49,0,3,0,2,0,0
941,9,40,1,3,0,2,0,1
942,5,52,1,1,0,1,0,0
943,7,45,0,3,0,1,1,0
944,6,42,1,3,1,2,0,1
945,5,54,1,3,0,4,0,0
946,6,44,1,3,0,2,1,1
947,6,52,1,1,0,2,0,0
948,7,58,0,1,0,1,0,0
949,6,46,0,2,0,4,1,1
950,9,35,0,1,0,2,1,1
951,7,45,1,3,1,1,0,0
952,8,41,1,1,1,3,0,1
953,4,57,1,2,1,4,0,0
954,8,59,1,3,1,1,0,0
955,3,51,0,3,0,2,1,0
956,7,53,1,3,0,3,1,1
957,8,49,1,3,1,2,0,1
958,5,51,1,3,0,1,0,0
959,5,57,0,3,0,3,0,0
960,4,46,1,1,0,2,1,0
961,7,65,1,3,1,1,0,0
962,4,55,0,3,0,3,1,0
963,6,47,1,1,0,3,1,0
964,8,45,1,3,1,2,0,0
965,4,41,1,1,1,1,1,0
966,7,58,0,3,0,3,1,0
967,6,33,0,3,0,2,0,1
968,5,49,0,1,0,3,1,0
969,6,53,1,3,0,1,1,0
970,8,47,0,2,1,3,1,1
971,9,37,1,3,0,3,0,1
972,5,55,0,3,0,3,0,0
973,3,44,1,2,0,1,1,0
974,6,49,0,2,1,2,0,0
975,5,51,1,3,1,2,1,0
976,4,50,0,3,1,4,0,0
977,5,39,0,1,0,3,0,0
978,4,57,0,1,0,3,1,0
979,8,49,0,3,0,2,0,1
980,4,57,0,2,0,2,1,0
981,5,57,1,2,0,4,1,1
982,5,47,1,3,0,2,0,0
983,7,35,0,3,0,4,1,0
984,6,57,0,3,0,3,0,0
985,5,37,1,3,0,1,1,0
986,6,49,0,3,0,4,0,0
987,3,52,0,3,0,3,0,0
988,7,50,0,3,0,1,1,0
989,5,49,1,3,1,2,1,0
990,5,45,0,1,0,3,0,0
991,7,33,0,3,0,3,1,0
992,4,60,0,2,0,1,0,0
993,3,42,1,3,0,3,1,0
994,8,41,0,3,1,2,0,1
995,9,54,1,3,0,1,1,1
996,7,56,1,2,1,2,0,0
997,5,44,1,3,0,1,1,0
998,5,47,1,2,0,2,0,0
999,4,58,0,2,1,4,0,0
1000,9,42,1,1,1,1,0,1
1001,6,51,0,1,1,3,0,0
1002,6,39,1,1,0,3,1,0
1003,4,59,0,1,1,3,1,0
1004,7,56,1,1,0,1,1,1
1005,4,46,0,3,0,1,1,0
1006,8,54,1,2,0,4,1,0
1007,3,60,1,3,0,2,0,0
1008,9,50,0,1,0,3,0,1
1009,7,42,0,2,0,4,1,1
1010,5,33,1,1,1,1,0,1
1011,7,43,1,2,0,3,0,1
1012,3,44,1,1,0,2,1,0
1013,3,53,0,2,0,1,0,0
1014,4,58,1,3,0,3,1,0
1015,6,56,1,3,0,2,0,0
1016,3,54,1,3,1,2,1,0
1017,7,45,1,1,0,3,0,0
1018,7,45,0,1,1,1,1,0
1019,6,36,0,3,0,4,0,0
1020,5,43,0,1,1,2,0,0
1021,9,40,0,1,0,3,1,1
1022,7,29,0,3,1,3,1,1
1023,8,39,0,3,1,1,1,1
1024,4,36,1,3,1,2,1,1
1025,7,36,0,2,0,1,0,1
1026,6,46,0,2,0,2,0,0
1027,5,53,0,2,0,4,0,0
1028,7,46,1,2,1,1,1,1
1029,7,41,1,3,1,1,0,0
1030,7,44,0,3,0,4,1,1
1031,5,49,0,3,0,4,1,0
1032,4,53,1,2,0,2,0,0
1033,8,52,1,3,1,2,1,1
1034,4,49,0,2,0,3,0,0
1035,5,58,0,3,0,1,1,0
1036,6,52,1,3,1,3,1,0
1037,5,47,0,3,0,2,0,0
1038,8,39,0,3,1,1,1,1
1039,7,54,1,3,1,2,1,0
1040,6,47,0,3,1,2,1,0
1041,6,49,0,1,1,1,1,0
1042,5,38,0,3,1,4,0,0
1043,6,43,0,2,0,1,0,0
1044,7,33,1,1,0,3,0,0
1045,7,53,1,1,1,4,1,0
1046,9,42,0,3,1,4,0,1
1047,4,53,0,2,1,1,1,0
1048,3,53,1,3,1,3,1,0
1049,4,58,0,3,1,4,0,0
1050,7,42,1,1,1,1,1,1
1051,5,58,0,3,1,3,1,0
1052,4,59,0,3,0,3,1,0
1053,6,56,0,3,1,4,0,0
1054,3,62,1,1,0,4,0,0
1055,4,50,1,2,1,3,0,0
1056,3,42,0,1,1,2,0,0
1057,7,50,1,1,0,1,1,0
1058,5,59,1,3,1,1,0,0
1059,7,37,1,2,0,3,0,0
1060,8,54,0,1,1,1,1,1
1061,4,41,1,3,1,3,1,0
1062,5,49,0,1,0,1,1,0
1063,4,41,0,3,1,2,0,0
1064,5,48,0,3,1,3,0,0
1065,2,42,1,3,1,2,1,0
1066,5,53,1,2,0,2,1,0
1067,5,57,1,3,0,1,0,0
1068,7,56,1,2,0,1,0,0
1069,8,40,0,3,0,4,0,1
1070,6,30,1,2,0,3,1,1
1071,3,50,1,3,0,1,0,0
1072,5,45,1,3,0,3,0,0
1073,8,27,0,1,0,3,0,1
1074,6,46,0,1,0,2,1,0
1075,4,46,1,1,0,4,0,0
1076,5,50,0,3,0,1,1,0
1077,3,53,1,2,0,1,0,0
1078,7,64,0,3,0,1,0,0
1079,10,47,1,3,0,2,1,1
1080,6,54,0,3,0,3,1,0
1081,3,49,0,3,0,2,0,0
1082,7,51,1,2,1,1,1,0
1083,4,60,1,1,1,1,0,1
1084,8,55,0,2,1,3,1,0
1085,6,52,0,2,1,1,0,0
1086,6,57,0,3,0,2,0,0
1087,3,49,1,3,0,3,0,0
1088,5,53,1,3,0,3,0,0
1089,3,38,0,1,0,2,0,0
1090,7,53,0,1,1,3,1,0
1091,5,56,0,3,1,1,0,0
1092,5,48,0,2,0,1,0,0
1093,6,51,1,1,0,2,0,0
1094,5,52,0,3,0,1,1,0
1095,2,54,1,3,0,2,0,0
1096,6,45,1,1,0,2,1,1
1097,5,38,0,2,0,4,1,1
1098,6,42,1,2,1,2,1,1
1099,4,58,1,3,1,1,0,0
1100,4,54,1,2,1,4,1,0
1101,6,44,1,1,0,3,0,0
1102,5,55,0,2,1,1,0,0
1103,7,41,0,1,0,2,0,0
1104,5,56,0,1,1,1,0,0
1105,6,63,0,2,0,3,0,0
1106,5,48,0,2,0,1,0,0
1107,4,47,0,3,0,3,0,0
1108,8,52,0,1,1,1,0,0
1109,8,43,0,1,0,2,1,1
1110,8,58,1,1,1,2,0,0
1111,8,46,1,3,1,2,0,1
1112,6,47,1,2,0,4,0,0
1113,6,38,0,1,0,1,0,0
1114,6,59,0,3,1,1,1,0
1115,4,44,0,3,1,2,0,0
1116,6,57,0,3,1,3,0,0
1117,8,42,0,1,1,4,1,1
1118,6,35,1,2,0,2,0,0
1119,9,45,1,2,0,4,1,1
1120,8,40,0,3,0,2,0,0
1121,7,60,1,3,0,3,0,1
1122,5,35,0,3,1,2,0,0
1123,6,56,1,2,0,4,0,0
1124,6,48,0,3,0,4,1,1
1125,3,45,1,3,1,1,0,0
1126,2,58,1,2,1,4,0,0
1127,6,50,0,2,1,1,0,0
1128,4,36,1,1,0,3,1,1
1129,7,47,0,1,1,4,0,1
1130,3,53,1,1,1,3,0,0
1131,6,43,0,3,0,2,0,0
1132,4,56,0,3,0,2,0,0
1133,5,44,0,3,0,3,0,0
1134,4,44,1,3,1,3,0,0
1135,5,60,1,3,0,2,0,0
1136,4,46,0,3,0,3,0,0
1137,4,64,1,3,1,4,1,0
1138,7,45,0,2,1,3,0,1
1139,6,42,1,3,1,2,1,0
1140,6,46,0,1,1,3,1,1
1141,4,50,0,3,1,3,1,1
1142,3,56,0,3,0,3,1,0
1143,8,44,1,1,1,2,1,1
1144,9,47,1,2,0,1,0,1
1145,1,39,0,3,0,2,0,0
1146,6,46,0,1,0,3,0,0
1147,5,45,1,3,1,3,0,0
1148,7,57,1,2,0,2,0,0
1149,5,56,0,1,1,2,0,0
1150,4,42,0,1,1,1,1,0
1151,5,56,0,3,0,1,1,0
1152,5,55,0,2,1,2,0,0
1153,6,37,1,2,0,3,1,1
1154,4,51,0,3,0,2,1,0
1155,9,44,0,3,1,2,0,1
1156,5,48,1,3,0,1,1,0
1157,10,42,0,2,1,2,0,1
1158,7,57,0,3,0,3,1,1
1159,7,20,1,3,1,3,1,1
1160,7,65,0,3,0,3,0,0
1161,7,56,0,3,0,3,0,0
1162,8,54,1,1,0,1,1,1
1163,7,56,0,2,0,4,1,1
1164,8,60,1,3,0,4,0,0
1165,7,51,0,3,0,1,0,0
1166,10,39,1,1,1,3,0,1
1167,6,40,0,3,0,2,1,0
1168,5,49,0,3,0,1,0,0
1169,6,54,0,3,1,4,1,1
1170,4,34,1,1,1,2,1,0
1171,5,50,0,1,1,3,0,0
1172,8,55,0,3,1,2,0,0
1173,3,40,1,2,0,1,0,0
1174,7,53,0,3,0,1,0,0
1175,7,50,0,1,1,1,0,0
1176,5,52,0,1,1,3,1,0
1177,5,42,1,2,1,3,1,1
1178,6,44,1,1,0,4,0,0
1179,9,53,0,3,0,3,1,0
1180,6,36,1,2,0,4,1,1
1181,5,44,1,3,0,2,0,0
1182,6,42,0,3,0,1,0,0
1183,5,52,1,2,1,2,0,0
1184,5,46,1,1,0,2,0,1
1185,3,52,1,1,0,2,0,0
1186,5,63,1,3,1,3,1,0
1187,4,54,1,2,1,3,0,0
1188,8,54,1,3,1,1,1,1
1189,3,43,0,3,0,3,1,0
1190,8,46,1,1,1,2,1,1
1191,5,52,0,3,0,3,0,0
1192,5,38,1,2,1,2,1,0
1193,4,52,0,1,0,2,0,0
1194,5,55,0,3,0,2,0,0
1195,7,47,0,1,1,2,0,1
1196,5,47,1,3,0,4,1,1
1197,6,50,1,2,0,1,0,0
1198,4,57,0,3,0,3,0,0
1199,3,51,1,3,0,1,0,0
1200,6,45,1,3,1,2,1,0
1201,7,49,0,3,1,1,0,0
1202,6,48,1,3,0,1,1,0
1203,6,56,0,3,0,3,0,0
1204,7,63,1,3,0,2,0,0
1205,6,35,0,3,0,2,0,0
1206,6,60,1,3,0,2,0,0
1207,1,55,0,2,1,3,1,0
1208,6,38,0,3,1,1,0,0
1209,5,38,0,1,0,4,0,0
1210,5,55,1,3,1,3,0,0
1211,8,40,1,1,0,3,1,1
1212,7,56,0,1,0,3,1,0
1213,6,53,1,1,0,4,0,0
1214,5,49,0,1,0,2,0,0
1215,8,48,1,3,0,1,0,1
1216,8,58,0,3,1,3,1,0
1217,6,43,0,3,1,3,0,0
1218,5,51,0,1,0,1,1,0
1219,9,50,1,1,1,3,1,1
1220,5,55,1,3,0,3,1,0
1221,5,36,0,2,0,1,1,1
1222,4,50,0,1,1,4,1,0
1223,3,46,1,3,0,2,1,0
1224,8,42,1,3,0,1,0,1
1225,1,53,0,3,0,1,0,0
1226,7,37,1,3,0,3,0,1
1227,6,58,0,1,1,2,0,0
1228,4,51,1,1,1,1,1,0
1229,7,40,0,3,0,2,0,0
1230,5,64,0,1,1,3,0,0
1231,3,50,1,2,1,1,0,0
1232,5,47,1,2,0,4,0,0
1233,6,59,1,1,1,2,0,0
1234,8,47,1,1,1,2,1,1
1235,3,43,0,3,0,1,0,0
1236,6,46,0,3,0,4,1,0
1237,4,59,0,1,0,4,0,0
1238,7,26,0,3,1,3,0,1
1239,8,48,1,3,0,2,0,1
1240,9,39,0,2,1,3,1,1
1241,7,47,0,2,1,4,0,1
1242,6,56,0,3,0,1,1,0
1243,5,58,0,3,0,2,0,0
1244,9,33,0,1,1,3,1,1
1245,8,47,0,1,1,2,1,1
1246,6,28,1,3,1,3,0,0
1247,8,52,0,1,0,3,0,0
1248,6,52,0,3,1,4,1,0
1249,9,41,0,3,0,2,1,1
1250,4,56,1,1,0,2,0,0
1251,4,46,1,3,0,2,0,0
1252,9,40,1,3,0,3,1,1
1253,8,47,1,3,1,2,0,0
1254,5,47,1,3,0,3,0,0
1255,10,47,1,3,0,1,0,1
1256,6,37,1,3,1,4,1,1
1257,6,51,0,2,1,1,0,0
1258,5,53,0,3,1,1,1,0
1259,5,53,1,3,0,4,0,0
1260,5,43,0,2,0,1,0,0
1261,2,55,0,3,1,1,1,0
1262,8,55,1,1,1,3,1,1
1263,3,50,1,3,1,1,1,0
1264,4,43,0,3,0,3,1,0
1265,1,48,0,2,1,1,0,0
1266,4,44,0,2,0,4,1,0
1267,3,60,0,3,1,4,0,0
1268,4,61,1,3,1,2,0,0
1269,6,47,0,3,1,4,0,0
1270,8,50,1,3,1,1,1,1
1271,2,47,0,3,1,3,1,0
1272,8,44,0,2,1,1,0,1
1273,8,50,0,1,0,2,0,0
1274,8,37,1,3,0,3,0,1
1275,4,55,1,3,1,4,0,0
1276,6,56,1,2,0,1,0,0
1277,5,50,0,2,1,1,1,0
1278,5,42,1,3,0,3,1,1
1279,4,42,0,1,0,1,0,0
1280,4,53,1,1,1,3,0,0
1281,6,54,0,3,0,4,0,0
1282,4,50,0,1,0,4,1,0
1283,10,60,1,1,1,3,0,1
1284,4,56,1,3,0,1,0,0
1285,6,53,0,3,0,1,0,0
1286,6,47,0,3,1,3,0,0
1287,6,49,1,3,0,3,1,0
1288,4,47,0,1,1,4,0,1
1289,5,35,0,1,0,2,1,1
1290,8,42,1,2,1,4,0,1
1291,3,57,0,3,0,1,0,0
1292,5,47,1,3,1,3,0,1
1293,5,48,1,3,1,4,0,0
1294,6,56,1,1,1,4,1,1
1295,6,52,1,3,0,1,0,0
1296,3,44,0,3,0,2,1,0
1297,5,38,0,2,0,3,0,0
1298,8,45,1,1,1,4,0,1
1299,6,53,1,3,0,1,0,0
1300,8,31,1,2,1,3,0,1
1301,6,42,1,3,1,2,1,1
1302,7,45,0,3,1,4,0,1
1303,5,43,1,1,1,4,0,0
1304,9,43,1,2,0,3,1,1
1305,9,51,0,3,0,2,0,0
1306,3,50,0,1,0,3,1,0
1307,3,62,0,1,0,2,1,0
1308,5,45,0,3,1,2,1,1
1309,10,50,1,3,1,1,1,1
1310,7,52,1,3,1,4,0,1
1311,6,51,1,1,1,1,0,0
1312,5,53,1,1,1,2,0,0
1313,4,50,0,2,0,1,0,0
1314,5,53,1,1,0,1,1,1
1315,6,47,0,3,1,2,1,0
1316,6,55,1,3,0,2,1,0
1317,8,29,0,3,0,2,0,1
1318,6,45,1,3,0,2,0,1
1319,6,57,0,3,0,2,1,0
1320,7,50,0,2,0,2,0,0
1321,6,45,1,1,1,2,0,0
1322,9,60,1,1,1,1,1,1
1323,6,38,1,2,0,4,0,0
1324,5,44,0,3,0,3,1,0
1325,4,58,0,3,0,3,0,0
1326,9,56,1,3,0,2,0,1
1327,4,54,0,3,1,1,0,0
1328,4,45,1,1,0,2,1,1
1329,4,56,1,3,0,2,1,0
1330,8,42,1,3,0,1,1,0
1331,5,46,0,1,1,2,0,0
1332,6,54,1,1,1,1,0,0
1333,7,47,1,1,1,2,1,1
1334,10,58,0,3,0,3,1,1
1335,3,44,1,3,0,2,0,0
1336,6,44,0,2,1,4,0,0
1337,5,33,1,3,0,2,0,0
1338,6,39,1,1,0,3,0,1
1339,2,62,0,3,0,2,0,0
1340,8,51,0,3,0,3,1,0
1341,5,47,0,3,1,1,0,0
1342,2,52,1,3,0,2,1,0
1343,4,50,1,3,0,3,1,0
1344,5,59,1,3,1,3,1,0
1345,7,40,1,2,1,1,0,1
1346,2,38,1,3,1,1,0,0
1347,6,57,0,2,1,3,0,0
1348,6,49,1,1,1,2,0,0
1349,6,50,0,1,0,4,0,0
1350,6,39,1,3,1,2,1,0
1351,5,48,1,3,0,1,1,0
1352,7,49,0,3,0,2,1,0
1353,5,38,1,3,0,2,1,0
1354,6,50,0,2,0,2,0,0
1355,9,42,0,3,0,2,1,0
1356,8,36,0,1,0,2,1,1
1357,8,46,0,3,0,3,1,0
1358,6,49,0,1,1,3,0,0
1359,5,50,0,3,1,3,1,0
1360,6,35,1,2,0,2,1,1
1361,7,62,0,3,1,1,1,0
1362,5,60,1,3,0,3,0,0
1363,4,53,1,1,0,2,0,0
1364,9,49,1,1,0,4,1,1
1365,5,66,1,1,1,2,1,0
1366,8,48,0,3,1,4,1,1
1367,7,55,0,3,0,2,1,0
1368,5,59,1,2,0,2,0,0
1369,7,45,0,3,0,2,1,0
1370,4,50,1,3,1,4,0,0
1371,6,56,1,1,1,3,1,0
1372,4,59,1,2,1,1,0,0
1373,5,56,0,3,0,1,0,0
1374,4,34,0,2,1,3,0,0
1375,4,50,0,1,1,1,0,0
1376,5,55,0,1,0,1,1,0
1377,5,56,1,3,1,3,0,0
1378,5,56,1,1,1,3,1,0
1379,7,43,1,3,0,3,1,0
1380,7,58,1,3,0,2,1,1
1381,3,44,0,3,0,3,0,0
1382,5,53,0,2,0,4,0,1
1383,7,36,1,1,0,3,0,1
1384,9,42,1,2,1,4,0,1
1385,7,59,0,3,1,2,0,0
1386,3,45,0,1,1,2,0,0
1387,7,33,1,1,1,4,1,1
1388,7,51,0,3,1,4,0,0
1389,5,52,1,3,0,3,0,0
1390,4,41,1,3,1,4,1,0
1391,8,44,0,3,1,1,1,1
1392,4,59,0,3,0,1,0,0
1393,5,40,1,1,0,4,0,0
1394,6,46,1,2,0,3,1,0
1395,5,49,1,1,1,3,1,1
1396,9,44,0,3,0,2,0,1
1397,7,60,1,2,0,1,0,0
1398,7,53,0,1,0,3,0,0
1399,4,49,0,3,0,1,0,0
1400,3,39,0,3,1,2,1,0
1401,6,35,0,3,1,2,0,1
1402,4,52,1,1,0,1,0,1
1403,8,49,0,3,0,2,1,1
1404,8,41,0,1,0,2,1,1
1405,5,48,0,2,0,4,0,0
1406,4,55,1,3,0,2,1,0
1407,8,45,0,3,0,3,0,0
1408,5,55,0,2,0,1,1,0
1409,4,53,0,3,1,1,0,0
1410,7,48,1,3,0,2,1,0
1411,8,53,1,3,1,3,0,1
1412,5,68,1,1,0,1,1,0
1413,5,37,1,1,0,3,1,0
1414,6,43,0,3,0,4,1,0
1415,4,59,1,3,0,1,1,0
1416,5,47,1,3,1,4,1,0
1417,3,45,1,3,0,2,0,0
1418,6,55,0,3,0,4,0,0
